Expertise,CourseRating
Business,3.9772843905915893
Data Science,3.984954499494439
Design,4.020103986135182
Marketing,3.9945291479820626
Programming,4.006542893725992
