CourseLevel,CourseRating
Advanced,4.058976767177459
Beginner,4.046221315655278
Intermediate,3.886825396825397
